id,population,evidence,position,qualifying_mutation,mutation_type,mutation,frequency,annotation,gene,process,description
1,1,RA,82164,1,Indel < 50 bp,(T)6 -> 5,1,Coding (84/702 nt),liaF,Gene regulation,Cell envelope stress response
2,1,RA,415480,1,Intergenic,G -> C,1,intergenic (+283/-10),rpsU,Transcription or translation,30S ribosomal protein S21
3,1,RA,1980933,1,Nonsynonymous,G -> A,1,T471I (ACA -> ATA),walK,Gene regulation,Sensor protein kinase WalK
4,2,RA,82457,1,Nonsynonymous,C -> A,0.87,P126Q (CCA -> CAA),liaF,Gene regulation,Cell envelope stress response
5,2,RA,197887,1,Nonsense,T -> A,1,L25* (TTA -> TAA),atl1,Biosynthesis or metabolism,Bifunctional autolysin
6,2,MC JC,415600,1,Deletion > 50 bp,DEL 60 bp,1,coding (111-170/177 nt),rpsU,Transcription or translation,30S ribosomal protein S21
7,3,RA,82164,1,Indel < 50 bp,(T)6 -> 5,1,coding (79/702 nt),liaF,Gene regulation,Cell envelope stress response
8,3,MC JC,415500,1,Deletion > 50 bp,"DEL 1,531 bp",1,coding (10/177 nt) - coding (421/990 nt),rpsU-floA,Multiple,"[rpsU], nfeD, [floA]"
9,3,JC,137549,1,Indel < 50 bp,(TTAAGTTT)1 -> 2,0.98,coding (913/963 nt),prsA,Other,Foldase protein PrsA
10,3,RA,601224,1,Nonsense,G -> T,1,E36* (GAA -> TAA),LNEJMEBC_00572,Unknown,hypothetical protein
11,3,RA,1081152,0,Synonymous,A -> G,1,D48D (GAT -> GAC),oatA1,Biosynthesis or metabolism,O-acetyltransferase OatA
12,3,RA,1478697,1,Nonsynonymous,C -> T,1,G540D (GGC -> GAC),rpoB,Transcription or translation,DNA-directed RNA polymerase subunit beta
13,4,RA,82600,1,Nonsynonymous,C -> T,0.7,P174S (CCG -> TCG),liaF,Gene regulation,Cell envelope stress response
14,4,RA,1011430,1,Nonsynonymous,G -> A,0.27,V161I (GTA -> ATA),menA,Biosynthesis or metabolism,"1,4-dihydroxy-2-naphthoate octaprenyltransferase"
15,4,RA,1353365,1,Nonsynonymous,G -> A,1,S79F (TCT -> TTT),graR1,Gene regulation,Response regulator protein GraR
16,4,RA,1980278,1,Indel < 50 bp, +T,0.86,coding (248/1335 nt),yycH,Gene regulation,Regulates WalRK expression
17,4,RA,1980278,1,Indel < 50 bp, +A,0.86,coding (248/1335 nt),yycH,Gene regulation,Regulates WalRK expression
18,4,RA,2634772,1,Indel < 50 bp, +A,1,coding (778/861 nt),fba,Biosynthesis or metabolism,Fructose-bisphosphate aldolase
19,5,RA,82675,1,Nonsynonymous,G -> T,1,V199F (GTT -> TTT),liaF,Gene regulation,Cell envelope stress response
20,5,RA,1479100,1,Nonsynonymous,G -> A,1,R406C (CGT -> TGT),rpoB,Transcription or translation,DNA-directed RNA polymerase subunit beta
21,5,JC,1980243,1,Indel < 50 bp,(CTTTATTTT)1 -> 2,0.86,coding (275/1335 nt),yycH,Gene regulation,Regulates WalRK expression
22,5,RA,2718584,1,Nonsynonymous,T -> C,1,T194A (ACT -> GCT),yheS,Transport,putative ABC transporter ATP-binding protein YheS
23,6,RA,83706,1,Nonsynonymous,A -> C,0.23,M310L (ATG -> CTG),vraS,Gene regulation,Sensor protein VraS
24,6,RA,617098,1,Nonsynonymous,G -> C,0.19,D25H (GAC -> CAC),cspA1,Other,Cold shock protein CspA
25,6,RA,738684,1,Indel < 50 bp, +T,0.17,coding (349/867 nt),LNEJMEBC_00697,Biosynthesis or metabolism,2-oxoacid:ferredoxin oxidoreductase subunit beta
26,6,RA,738684,1,Indel < 50 bp, +A,0.17,coding (349/867 nt),LNEJMEBC_00697,Biosynthesis or metabolism,2-oxoacid:ferredoxin oxidoreductase subunit beta
27,6,RA,850832,1,Nonsynonymous,T -> C,1,Y231C (TAT -> TGT),catE1,Biosynthesis or metabolism,"Catechol-2,3-dioxygenase"
28,6,RA,1029688,1,Nonsynonymous,C -> G,0.86,G52A (GGT -> GCT),terC,Transport,TerC family protein
29,6,RA,1477117,1,Nonsynonymous,T  -> C,1,K1067E (AAA -> GAA),rpoB,Transcription or translation,DNA-directed RNA polymerase subunit beta
30,6,RA,1509652,0,Nonsynonymous,A  -> T,1,intergenic (-16/+61),rrf,Transcription or translation,5S ribosomal RNA (partial)
31,6,MC JC,1979736,1,Deletion > 50 bp,DEL 51 bp,1,coding (740-790/1335 nt),yycH,Gene regulation,Regulates WalRK expression
32,7,RA,35043,1,Intergenic,G -> A,1,intergenic (-100/-21),LNEJMEBC_00037 / LNEJMEBC_00038,Biosynthesis or metabolism,thioredoxin family protein/hypothetical protein
33,7,RA,108848,0,Other,C -> A,1,noncoding (1546/1549 nt),LNEJMEBC_00106,Transcription or translation,16S ribosomal RNA
34,7,RA,954842,1,Nonsense,C -> A,1,E84* (GAA -> TAA),pdhA,Biosynthesis or metabolism,Pyruvate dehydrogenase E1 component subunit alpha
35,7,MC JC,1979429,1,Indel < 50 bp,DEL 4 bp,1,coding (1094-1097/1335 nt),yycH,Gene regulation,Regulates WalRK expression
36,7,RA,2425459,1,Nonsynonymous,C -> T,0.16,E135K (GAA -> AAA),lyrA,Biosynthesis or metabolism,Lysostaphin resistance protein A
37,7,RA,2425872,1,Nonsynonymous,C -> T,0.39,intergenic (-11/-279),lyrA,Biosynthesis or metabolism,Lysostaphin resistance protein A
38,8,RA,83009,1,Nonsynonymous,G - > T,1,W77C (TGG - > TGT),vraS,Gene regulation,Sensor protein VraS
39,8,RA,198358,1,Nonsynonymous,C - > T,1,A182V (GCC - > GTC),atl1,Biosynthesis or metabolism,Bifunctional autolysin
40,8,JC,429100,1,Indel < 50 bp,(TAAATAAC)1 -> 2,0.35,coding (11-18/678 nt),trmK,Biosynthesis or metabolism,tRNA (adenine(22)-N(1))-methyltransferase
41,8,RA,903251,1,Nonsynonymous,T - > A,1,H263L (CAT - > CTT),polX,Replication,DNA polymerase/3'-5' exonuclease PolX
42,8,RA,1478823,1,Nonsynonymous,G - > T,1,A498D (GCT - > GAT),rpoB,Transcription or translation,DNA-directed RNA polymerase subunit beta
43,9,RA,376537,1,Nonsynonymous,C - > T,1,A432V (GCA -> GTA),alaS,Biosynthesis or metabolism,Alanine--tRNA ligase
44,9,RA,823818,1,Nonsynonymous,G -> A,1,S139L (TCA -> TTA),stp,Biosynthesis or metabolism,Serine/threonine phosphatase stp
45,9,RA,1509652,0,Intergenic,A -> T,1,intergenic (-16/+61),rrf,Transcription or translation,5S ribosomal RNA (partial)
46,9,JC,1717983,1,Indel < 50 bp, +TCT,0.18,coding (276/486 nt),yezG1,Other,putative antitoxin YezG
47,9,RA,1978989,1,Nonsense,G -> A,1,Q68* (CAA -> TAA),yycI,Gene regulation,Two-component system WalR/WalK regulatory protein YycI
48,10,MC JC,415222,1,Deletion > 50 bp,DEL 281 bp,1,coding (14/177 nt),rpsU,Transcription or translation,30S ribosomal protein S21
49,10,JC,502090,0,Amplification > 50 bp,"67,486 bp x 2",0.43,intergenic (+368/-34) - coding (13519/31875 nt),ribU-ebh,Multiple,49 genes
50,10,RA,700627,1,Intergenic,G -> T,1,intergenic (-178/-13),yclM,Biosynthesis or metabolism,homoserine dehydrogenase/Aspartokinase 3
51,10,RA,828337,1,Nonsynonymous,T -> A,1,N19K (AAT -> AAA),LNEJMEBC_00773,Unknown,TM2 domain-containing protein
52,10,RA,1049907,1,Indel < 50 bp,DEL 1 bp,1,coding (535/807 nt),yjbH,Gene regulation,protease adaptor protein YjbH
53,10,RA,1509652,0,Intergenic,A -> T,1,intergenic (-16/+61),rrf,Transcription or translation,5S ribosomal RNA (partial)
54,10,RA,2437360,0,Intergenic,T -> C,1,intergenic (+11/-156),LNEJMEBC_02269,Biosynthesis or metabolism,SRPBCC domain-containing protein
55,10,RA,2688927,1,Nonsynonymous,C -> T,1,H94Y (CAC -> TAC),rsbU,Biosynthesis or metabolism,Phosphoserine phosphatase RsbU
56,11,JC,82346,1,Indel < 50 bp, +TGTGCGTTA,1,coding (266/702 nt),liaF,Gene regulation,Cell envelope stress response
57,11,RA,1474211,1,Nonsynonymous,C -> T,1,R806H (CGT -> CAT),rpoC,Transcription or translation,DNA-directed RNA polymerase subunit beta
58,11,RA,1509652,0,Intergenic,A -> T,1,intergenic (-16/+61),rrf,Transcription or translation,5S ribosomal RNA (partial)
59,11,RA,1698055,1,Intergenic,A -> G,1,intergenic (-27/-343),lip2,Biosynthesis or metabolism,Lipase 2
60,11,RA,1980534,1,Nonsynonymous,C -> A,1,G604V (GGT -> GTT),walK,Gene regulation,Sensor protein kinase WalK
61,12,RA,143955,1,Nonsynonymous,C -> A,0.38,Q28K (CAA -> AAA),hemE,Biosynthesis or metabolism,Uroporphyrinogen decarboxylase
62,12,RA,415521,1,Nonsense,C -> A,1,S11* (TCA -> TAA),rpsU,Transcription or translation,30S ribosomal protein S21
63,12,RA,491726,1,Nonsynonymous,G -> A,0.46,G228E (GGG -> GAG),srrA,Gene regulation,Transcriptional regulatory protein SrrA
64,12,RA,1982947,1,Nonsynonymous,C -> T,1,A38T (GCA -> ACA),walR,Gene regulation,Transcriptional regulatory protein WalR
65,13,RA,83725,1,Nonsynonymous,A -> G,1,E316G (GAA -> GGA),vraS,Gene regulation,Sensor protein VraS
66,13,RA,83773,1,Nonsynonymous,G -> A,1,R332H (CGT -> CAT),vraS,Gene regulation,Sensor protein VraS
67,13,JC,415410,1,Deletion > 50 bp,DEL 82 bp,1,intergenic (+212/-81) - coding (3/177 nt),rpsU,Transcription or translation,30S ribosomal protein S21
68,13,RA,465786,1,Nonsynonymous,A -> G,1,T77A (ACT -> GCT),bfmBAA,Biosynthesis or metabolism,2-oxoisovalerate dehydrogenase subunit alpha
69,13,RA,1839118,0,Synonymous,T -> A,1,P639P (CCA -> CCT),hsdR,Other,Type-1 restriction enzyme R protein
70,13,RA,1901994,1,Nonsynonymous,T -> C,1,T346A (ACA -> GCA),yfkN,Biosynthesis or metabolism,Trifunctional nucleotide phosphoesterase protein YfkN
71,13,MC JC,2424573,1,Deletion > 50 bp,"DEL 4,983 bp",1,intergenic (+36/+30) - coding (90/1662 nt),lyrA-hutU,Multiple,"lyrA, hutG, fosB, hdfR2, [hutU]"
72,13,RA,44815,0,Synonymous,A -> T,1,V164V (GTA -> GTT),hxlA,Biosynthesis or metabolism,3-hexulose-6-phosphate synthase
73,14,MC JC,198205,1,Indel < 50 bp,DEL 4 bp,1,coding (392-395/855 nt),atl1,Biosynthesis or metabolism,Bifunctional autolysin
74,14,JC,354612,1,Indel < 50 bp,(AAAATTAGTTGA)1 -> 2,0.68,coding (404/519 nt),apt,Biosynthesis or metabolism,Adenine phosphoribosyltransferase
75,14,RA,2127094,0,Synonymous,A -> T,1,G92G (GGA -> GGT),betA,Biosynthesis or metabolism,Oxygen-dependent choline dehydrogenase
76,15,JC,198450,1,Deletion > 50 bp,DEL 99 bp,0.5,coding (637-735/855 nt),atl1,Biosynthesis or metabolism,Bifunctional autolysin
77,15,RA,322406,1,Nonsynonymous,T -> G,0.45,I39M (ATT -> ATG),clpX,Other,ATP-dependent Clp protease ATP-binding subunit ClpX
78,15,RA,996134,1,Nonsynonymous,G -> T,0.5,V101L (GTA -> TTA),atl2,Biosynthesis or metabolism,Bifunctional autolysin
79,15,RA,1423553,1,Nonsynonymous,C -> T,1,T33M (ACG -> ATG),thrE,Transport,threonine/serine exporter ThrE family protein
80,15,RA,1507764,0,Other,G -> T,1,noncoding (1546/1549 nt),LNEJMEBC_01440,Transcription or translation,16S ribosomal RNA
81,15,JC,1765460,1,Indel < 50 bp,DEL 4 bp,0.53,intergenic (-240/+33),tarI,Biosynthesis or metabolism,Ribitol-5-phosphate cytidylyltransferase 1
82,15,RA,2588877,1,Nonsynonymous,C -> T,0.15,A92V (GCG -> GTG),cdaA,Biosynthesis or metabolism,Cyclic di-AMP synthase CdaA
83,16,RA,82938,1,Nonsynonymous,C -> T,0.2,L54F (CTC -> TTC),vraS,Gene regulation,Sensor protein VraS
84,16,RA,434759,1,Nonsynonymous,A -> G,1,I196V (ATT -> GTT),znuB,Transport,High-affinity zinc uptake system membrane protein ZnuB
85,16,RA,447127,1,Nonsense,G -> T,1,E88* (GAA -> TAA),aroK,Biosynthesis or metabolism,Shikimate kinase
86,16,RA,511978,1,Nonsense,A -> T,1,K332* (AAA -> TAA),rpsA,Transcription or translation,30S ribosomal protein S1
87,16,RA,1512976,0,Other,G -> T,1,noncoding (1546/1549 nt),LNEJMEBC_01444,Transcription or translation,16S ribosomal RNA
88,16,RA,1979415,1,Nonsense,C -> A,1,E371* (GAG -> TAG),yycH,Gene regulation,Regulates WalRK expression
89,16,RA,2647972,1,Nonsynonymous,T -> C,1,V134A (GTG -> GCG),mnaA2,Biosynthesis or metabolism,UDP-N-acetylglucosamine 2-epimerase
90,17,RA,83770,1,Nonsynonymous,C -> T,0.51,T331I (ACA -> ATA),vraS,Gene regulation,Sensor protein VraS
91,17,RA,491711,1,Nonsynonymous,C -> T,1,T223I (ACA -> ATA),srrA,Gene regulation,Transcriptional regulatory protein SrrA
92,17,RA,823834,1,Nonsynonymous,T -> A,0.39,I134F (ATT -> TTT),stp,Biosynthesis or metabolism,Serine/threonine phosphatase stp
93,17,RA,1981273,1,Nonsynonymous,C -> T,1,G358S (GGT -> AGT),walK,Gene regulation,Sensor protein kinase WalK
94,18,RA,82634,1,Nonsynonymous,C -> A,0.2,A185D (GCT -> GAT),liaF,Gene regulation,Cell envelope stress response
95,18,RA,83089,1,Nonsynonymous,C -> T,0.88,T104M (ACG -> ATG),vraS,Gene regulation,Sensor protein VraS
96,18,RA,198438,1,Nonsynonymous,G -> A,0.46,G209S (GGC -> AGC),atl1,Biosynthesis or metabolism,Bifunctional autolysin
97,18,RA,596686,1,Nonsynonymous,G -> T,0.16,W70C (TGG -> TGT),yozE,Unknown,YozE family protein
98,18,RA,989719,1,Indel < 50 bp,DEL 1 bp,0.82,coding (1489/1989 nt),qoxB,Biosynthesis or metabolism,putative quinol oxidase subunit 1
99,18,RA,1473236,1,Nonsynonymous,G -> A,1,S1131L (TCA -> TTA),rpoC,Transcription or translation,DNA-directed RNA polymerase subunit beta
100,18,RA,1857918,0,Synonymous,A -> G,1,Q102Q (CAA -> CAG),yagU,Unknown,Inner membrane protein YagU
101,18,MC JC,1978972,1,Deletion > 50 bp,DEL 249 bp,1,coding (220/789 nt) - coding (1305/1335 nt),yycI-yycH,Gene regulation,"[yycI], [yycH]"
102,18,RA,2516033,1,Nonsynonymous,C -> A,1,P12H (CCT -> CAT),rplF,Transcription or translation,50S ribosomal protein L6
